qid,bank,condition,judge,question,reference,prediction,human_score_1_5,agree_within_1,notes
E0068,hsbc,A — RAG,5,"According to HSBC's 2023 Annual Report and Accounts: , analyze why the balance of assets held for sale remained broadly stable compared with 2022, despite significant changes in the composition of those assets.","The balance remained broadly stable because two opposing movements largely offset each other. On one hand, assets held for sale decreased by $8 billion due to the transfer of a portfolio of secured home loans in France into loans and advances to customers, meaning those loans were reclassified out of held-for-sale. On the other hand, this decrease was largely offset by a transfer of cash into assets held for sale, which was related to the completion of the sale of the retail banking operations in France. Thus, the total value stayed approximately unchanged, even though the underlying mix shifted from loan assets to cash assets, reflecting progress in the disposal process rather than a material change in the overall magnitude.","The balance of assets held for sale at HSBC Holdings plc remained broadly stable compared with 2022 due to two primary factors:

1. **Offsetting Transfers**: There was a decrease of $8 billion in the assets held for sale related to the transfer to loans and advances to customers of a portfolio of secured home loans in France. This decrease was largely offset by an increase in cash held for sale, specifically related to the completion of the sale of retail banking operations in France.

2. **Stable Overall Portfolio**: Despite these specific movements, the overall portfolio of assets held for sale remained relatively unchanged, indicating that the changes in individual components were balanced out, leading to a stable total balance.

These factors together contributed to the stability in the balance of assets held for sale between 2022 and 2023.",5,Yes,
E0070,hsbc,A — RAG,4,"According to HSBC's 2023 Annual Report and Accounts: Analyze how the Group’s accounting classifications for debt instruments affect the reporting of unrealised losses and capital in a rising interest rate environment, and explain why these losses may reverse over time.","The Group distinguishes between hold-to-collect-and-sell debt instruments, which are measured at fair value through other comprehensive income, and hold-to-collect debt instruments, which are measured at amortised cost. For hold-to-collect-and-sell positions, changes in fair value are recognised in equity through OCI rather than in profit or loss. In a rising interest rate environment, the fair value of fixed-rate debt instruments falls, creating unrealised losses in OCI and therefore an adverse impact on the capital base in the early stages. the annual report notes a cumulative pre-tax unrealised loss reserve of $3.9bn at the end of 2023, after a $2.6bn pre-tax gain during the year, which included a $1.0bn reduction in unrealised losses from disposals as part of portfolio repositioning. For hold-to-collect instruments measured at amortised cost, there is a cumulative unrealised loss of $1.7bn that is not reflected on the balance sheet at all; this included $1.0bn of debt instruments held to manage interest rate exposure, which improved by $0.8bn in 2023. Over time, these adverse fair value movements tend to unwind as the instruments approach maturity, because the contractual cash flows are ultimately collected and the temporary fair value fluctuation reverses. However, the text also cautions that not all such instruments will necessarily be held to maturity. Overall, the Group is positively exposed to rising interest rates through net interest income, but the accounting treatment of hold-to-collect-and-sell instruments can create an early-stage capital drag that is expected to diminish over time.","In a rising interest rate environment, HSBC Holdings plc classifies some debt instruments as ""hold-to-collect-and-sell,"" which are reported within financial investments and classified as held-for-sale. The change in value of these instruments is recognized through 'debt instruments at fair value through other comprehensive income' in equity. 

At 31 December 2023, HSBC recognized a pre-tax cumulative unrealised loss reserve through other comprehensive income of $3.9 billion related to these hold-to-collect-and-sell positions. This reflects a $2.6 billion pretax gain in 2023, inclusive of movements on related fair value hedges. The gain in 2023 included a reduction in unrealised losses due to the disposal of securities as part of repositioning actions taken in this portfolio of $1.0 billion.

These losses may reverse over time as the instruments reach maturity. While not all will necessarily be held to maturity, the adverse movements will gradually unwind as the debt instruments mature. This is because the fair value of these instruments will revert to their par value as they approach maturity, reducing the unrealised losses recorded in other comprehensive income.

Additionally, HSBC holds a portfolio of financial investments measured at amortised cost, classified as ""hold-to-collect."" At 31 December 2023, there was a cumulative unrealised loss of $1.7 billion, though this loss is not reflected on the balance sheet. This includes $1.0 billion related to debt instruments held to manage interest rate exposure, which represented an improvement of $0.8 billion during 2023.",4,Yes,
E0001,lloyds,A — RAG,4,According to Lloyds Banking Group's 2023 Annual Report: Evaluate how the share buyback programme and other equity movements affected total equity from 2022 to 2023. What does the buyback indicate about capital management?,"Total equity increased from £43,911 million to £47,365 million. This net increase was the result of several offsetting factors: attributable profit added to equity, as did movements in the cash flow hedge reserve and the issuance of other equity instruments. These were partially offset by market movements affecting pensions, dividends paid, and the share buyback programme. The buyback, announced in February 2023, returned surplus capital from 2022 and repurchased approximately 4.4 billion ordinary shares, around 7 per cent of shares outstanding, completing in August 2023. Although the buyback reduced equity through cash outflows and cancellation of shares, it was a deliberate capital-management action to return surplus capital to shareholders, indicating the Group believed it had excess capital above its requirements. The reported equity therefore reflects the tension between generating profits and returning capital to shareholders.","From the 2023 Annual Report, the total equity of Lloyds Banking Group increased from £43,911 million at 31 December 2022 to £47,365 million at 31 December 2023.

The increase in total equity of £3,454 million can be attributed to several factors:
- Attributable profit for the year
- Movements in the cash flow hedge reserve
- Issuance of other equity instruments
- Partially offset by market movements impacting pensions
- Dividends paid
- Impact of the share buyback programme

The share buyback programme, which involved the repurchase of approximately 4.4 billion ordinary shares at an average price of 45.59 pence per share, had the effect of reducing the number of shares outstanding. Specifically, the buyback reduced the weighted average number of ordinary shares in issue, thereby increasing earnings per share by 0.3 pence and tangible net assets per share by 3.3 pence.

This indicates that the share buyback program was part of Lloyds' capital management strategy to enhance shareholder value by increasing earnings per share and tangible net assets per share. It also suggests that the company had excess capital and chose to return some of it to shareholders rather than retaining it for potential future investments or other uses.",4,Yes,
E0048,lloyds,A — RAG,4,"According to Lloyds Banking Group's 2023 Annual Report: Analyze how the Group managed its defined benefit pension obligations and shareholder returns in the period described, and what this suggests about its capital allocation priorities.","The Group first addressed its pension deficit before allocating capital to shareholders. Following the triennial valuation at 31 December 2022, it paid a fixed contribution of £800 million in the first half of 2023 and then settled the residual aggregate deficit of £250 million in December 2023. With those payments made, no further deficit contributions were required for the triennial period to 31 December 2025. At the same time, the Group maintained a progressive and sustainable ordinary dividend policy, completed a £2 billion share buyback in respect of 2022, and announced a further £2 billion buyback for 2023. This sequencing suggests the Group prioritised fully funding its pension scheme before using surplus capital for shareholder returns, while still maintaining regular returns through dividends and buybacks.","In 2023, Lloyds Banking Group (LBG) managed its defined benefit pension obligations by completing the triennial valuation of its main schemes as of December 31, 2022. A fixed contribution of £800 million was made in the first half of 2023, followed by a residual deficit of £250 million, which was paid in December 2023. This indicates that LBG prioritizes maintaining a stable and predictable pension funding strategy, even if it means making larger payments in certain periods.

For shareholder returns, LBG announced a final ordinary dividend of 1.84 pence per share, increasing the total dividend for 2023 to 2.76 pence per share, up 15% from 2022. Additionally, LBG committed to a share buyback program of up to £2 billion, which was completed in August 2023. The total capital return for 2023 was up to £3.8 billion, equivalent to about 14% of the Group's market capitalization. This suggests that LBG prioritizes returning capital to shareholders while maintaining a progressive dividend policy.

Overall, LBG's actions suggest a balanced approach to capital allocation, focusing on both fulfilling pension obligations and returning value to shareholders. The company aims to maintain a sustainable dividend policy and use share buybacks to enhance shareholder returns, indicating a commitment to long-term shareholder value creation alongside responsible pension management.",3,Yes,Conflates the completed 2022 buyback with the 2023 announcement; misses the sequencing finding (pension funded before returns).
E0073,natwest,A — RAG,4,"According to NatWest Group's 2023 Annual Report, explain how the increase in operating profit before tax was achieved, and assess whether this improvement translated into a proportionate increase in profit for the year.","Operating profit before tax rose by £1,046m, or 20.4%, to £6,178m. The text attributes this primarily to increased income from favourable yield curve movements, partly offset by higher costs caused by inflationary pressures. Although the tax charge also increased by £159m, or 12.5%, the growth in operating profit was large enough to lift profit from continuing operations by 23.0% to £4,744m. In addition, the loss from discontinued operations narrowed from £262m to £112m, a 57.3% improvement. As a result, profit for the year increased by £1,037m, or 28.8%, to £4,632m. The improvement did not flow through one-for-one because tax and cost pressures absorbed some of the gains, but the overall effect was still a larger percentage increase in profit for the year than in operating profit.","According to NatWest Group's 2023 Annual Report, the increase in operating profit before tax of £1,046 million, or 20.4%, was achieved primarily due to increased income as a result of favorable yield curve movements, partially offset by higher costs largely attributable to inflationary pressures. 

This improvement did translate into a proportionate increase in profit for the year. The profit for the year increased by £1,037 million, or 28.8%, from £3,595 million in 2022 to £4,632 million in 2023. This indicates that the increase in operating profit before tax was indeed reflected in the overall profit for the year, though the profit for the year also benefited from other factors such as a deferred tax asset write back of £385 million.",3,Yes,Calls the increase proportionate where the reference says it did not flow through one-for-one; omits the discontinued-operations effect.
E0058,hsbc,C — Hybrid,4,"According to HSBC's 2023 Annual Report and Accounts: , assess the bank's liquidity and balance-sheet strategy during the period.","The bank appears to have actively managed liquidity and the balance sheet in response to market conditions. It reduced cash balances by deploying surplus into financial investments, reverse repurchase agreements, and trading assets, reflecting subdued customer lending demand and a desire to earn higher yields. It increased trading assets to capture greater client activity, especially in equity and debt securities. It allowed derivative positions to decline as market volatility and yield curve movements changed. In lending, it grew retail mortgage and card balances in WPB, but reduced GBM and CMB lending in areas of weaker demand, while using acquisitions and divestments to reshape its portfolio. Overall, the strategy is one of redeploying low-yielding cash into higher-yielding assets, responding to client activity, and rebalancing the loan book across businesses and geographies.","Liquidity remained strong but was under pressure. Total assets grew by \$89bn, or 3%, while customer accounts rose by \$43bn, or 3%. Loans and advances to customers increased by \$15bn, or 2%, with a \$18bn favourable foreign currency translation effect. Cash and balances at central banks fell by \$41bn, or 13%, including \$13bn from foreign currency translation; this decline was driven by reduced customer accounts and repurchase agreements, plus redeployment into financial investments. Trading assets grew by \$71bn, or 33%, due to higher client activity and surplus liquidity deployment. Derivative assets declined by \$54bn, or 19%, because of adverse revaluation effects and lower foreign exchange volatility. Overall, the bank used its liquidity to fund trading activities and support lending growth, while managing exposure to interest rate and foreign exchange risks.",3,Yes,"Says cash fell because customer accounts reduced, two sentences after reporting they rose 3%; omits the loan-book reshaping."
E0075,hsbc,C — Hybrid,4,"According to HSBC's 2023 Annual Report and Accounts, compare the movements in interest income and interest expense in 2023. What does the comparison reveal about the bank's net interest income dynamics?","In 2023, interest income increased by $48.0bn to $100.9bn, while interest expense increased by $42.6bn to $65.1bn. Excluding foreign currency translation differences, income grew by $49.2bn and expense by $43.2bn. Because net interest income is the difference, reported NII rose by $5.4bn, and on an FX-adjusted basis it rose by $6.0bn, or 20%. The comparison shows that higher market interest rates drove a large gross increase in both income and expense, but the expense increase was almost as large, compressing the net benefit. Higher funding costs, including customer deposit migration, were the main offsetting factor.","Interest income rose sharply: from \$52.8bn in 2022 to \$100.9bn in 2023, an increase of \$48.1bn or 91%. This was driven by higher market interest rates. Interest expense also rose sharply: from \$22.4bn in 2022 to \$65.1bn in 2023, an increase of \$42.7bn or 189%. The increase in interest expense was mainly due to the impact of higher interest rates on liabilities, including customer deposit migration, particularly in Asia and Europe. As a result, net interest income increased from \$30.4bn in 2022 to \$35.8bn in 2023, an increase of \$5.4bn or 18%. However, the increase in interest expense was much larger than the increase in interest income, meaning that the rise in net interest income was largely driven by the reclassification of previously reported trading and fair value income into net interest income rather than by a net interest margin expansion. The net interest margin improved by 24bps to 1.66%, but this was partly because the rise in the yield on average interest-earning assets was partly offset by the rise in the funding costs of average interest-bearing liabilities.",2,No,States interest expense rose more than interest income ($42.7bn vs $48.1bn — true only in percentage terms) and attributes the NII rise to a reclassification not in the corpus.
E0078,lloyds,C — Hybrid,4,According to Lloyds Banking Group's 2023 Annual Report: Evaluate the impact of the Group's capital distributions and pension deficit payments on its pro forma CET1 ratio. Does the final ratio indicate that the Group's capital position is sustainable?,"Capital distributions and pension-related payments absorbed substantial capital. Fixed pension deficit contributions reduced capital generation by 30 basis points, and variable pension contributions further reduced the ratio by 9 basis points, giving a total pension-related impact of 39 basis points. Ordinary dividends used 86 basis points and the share buyback accrual used 98 basis points, so shareholder returns totalled 184 basis points. The Tusker acquisition used another 21 basis points. These uses, combined with the 50 basis points of regulatory headwinds, explain the fall in the pro forma CET1 ratio. Nevertheless, the final pro forma ratio of 13.7% remained in the same broad range as the prior year, and the Group generated 223 basis points of capital before regulatory headwinds. This suggests a resilient capital position, but sustainability depends on continued earnings generation, RWA growth, and the size of future distributions and pension contributions, none of which can be fully confirmed from the snapshot provided.","The Group's pro forma CET1 ratio fell from 14.1% at 31 December 2022 to 13.7% at 31 December 2023. This decline was driven by several capital-distributing activities:

- The ordinary dividend reduced the CET1 ratio by 86 basis points.
- The share buyback programme used 98 basis points of capital.
- Variable pension contributions consumed 9 basis points.
- The Tusker acquisition utilised 21 basis points.

These uses were partially offset by positive drivers such as the £250 million Insurance dividend, an impairment credit, and other movements. The Group also generated 223 basis points of capital through banking build, but this was partially offset by risk-weighted asset increases and the full-year payment of fixed pension deficit contributions.

After these headwinds, the Group's capital generation was 173 basis points, which included a significant impairment credit in the fourth quarter. The Board expects to pay down to c.13.5 per cent by the end of 2024 before progressing towards the revised capital target of 13.0 per cent by the end of 2026. The current pro forma CET1 ratio of 13.7 per cent is above the revised ongoing capital requirement of 13.0 per cent, indicating a capital position that can support growth and cover economic and business uncertainties. However, the use of capital for dividends, share buybacks, and pension payments means the Group must continue to generate sufficient capital to meet its distribution plans and regulatory requirements.",4,Yes,
E0106,lloyds,C — Hybrid,4,"According to Lloyds Banking Group's 2023 Annual Report, according to the 2023 financial data, analyze how total equity is composed and what the size of non-controlling interests relative to total equity suggests about the company's consolidated ownership structure across the three periods.","The data show that total equity is the sum of equity attributable to the parent company (total equity excluding non-controlling interests) and non-controlling interests. In each period, the two components add exactly to total equity: 47,164 + 201 = 47,365; 43,667 + 244 = 43,911; and 50,982 + 235 = 51,217. Non-controlling interests are very small in absolute terms and account for only about 0.42%, 0.56%, and 0.46% of total equity across the three periods. This suggests that the company's subsidiaries are almost entirely owned by the parent, with only minor outside shareholder stakes. The parent controls virtually all of the consolidated equity, making the ownership structure highly consolidated. In addition, total equity changes modestly from period to period, while total equity and liabilities remain near 881,000, implying that shifts in financing structure are mainly reflected in liabilities rather than in significant changes to the equity base.","Total equity comprises:

- Share capital: £6,358m, £6,729m, £7,102m
- Share premium account: £18,568m, £18,504m, £18,479m
- Other reserves: £8,508m, £6,587m, £11,177m
- Retained profits: £6,790m, £6,550m, £8,318m
- Ordinary shareholders' equity: £40,224m, £38,370m, £45,076m
- Other equity instruments: £6,940m, £5,297m, £5,90m
- Total equity: £47,164m, £43,667m, £50,982m

Non-controlling interests are relatively small compared with total equity: £201m, £244m, £235m. This indicates that the company is predominantly owned by controlling shareholders rather than by minority investors. The slight variation in the proportion of non-controlling interests from period to period reflects changes in the ownership structure, but it does not significantly alter the overall composition of total equity.",2,No,"Labels equity excluding non-controlling interests as total equity, never performs the addition the question asks for, and computes no percentages."
E0137,natwest,C — Hybrid,4,"According to NatWest Group's 2023 Annual Report, compare the profit attributable to ordinary shareholders, paid-in equity holders, and non-controlling interests between 2022 and 2023. What does this comparison suggest about how the improved profit was distributed?","Profit attributable to ordinary shareholders rose by 31.6% to £4,394m, a faster increase than the 23.0% growth in profit from continuing operations and the 28.8% increase in total profit. By contrast, profit attributable to paid-in equity holders fell slightly by 2.8% to £242m, and non-controlling interests moved from a positive £6m to a negative £4m. This suggests that ordinary shareholders received the dominant share of the improvement, while returns to paid-in equity holders were broadly stable and non-controlling interests did not participate in the profit growth; in fact their allocated share became negative. The comparison indicates that the distribution of improved earnings was not uniform: the gains were concentrated in ordinary shareholders.","The profit attributable to ordinary shareholders rose from £3,340 million in 2022 to £4,394 million in 2023, an increase of £1,054 million or 31.6%. Paid-in equity holders' share fell slightly from £249 million to £242 million, while non-controlling interests declined from £6 million to £4 million. The overall profit increased by £1,037 million or 28.8%, and the distribution shows that the majority of the improvement went to ordinary shareholders, with a small reduction in paid-in equity holders and a modest decline in non-controlling interests.",4,Yes,
